{"train_loss": [0.6293647357385421, 0.2696052557972351, 0.177620561696598, 0.13982923558610239, 0.11873372052283789, 0.09991923987892476, 0.08621230367413456, 0.07149728879607321, 0.061275808304489705, 0.05041693495654083], "val_loss": [0.29318456481332367, 0.16660998664472415, 0.120415392048333, 0.1124191127879464, 0.10151721844854562, 0.10617617145180702, 0.09476675352324611, 0.09317184143456751, 0.09997380752642841, 0.10035659478086492], "val_accuracy": [0.2296195652173913, 0.46875, 0.5828804347826086, 0.6304347826086957, 0.6698369565217391, 0.6807065217391305, 0.71875, 0.7364130434782609, 0.7391304347826086, 0.7350543478260869]}