{"train_loss": [0.6359229919916197, 0.27923172267273233, 0.18098463873945383, 0.14049169836518555, 0.12024908424540903, 0.10446915512019374, 0.08834178504751412, 0.07486417160640857, 0.06434078032022483, 0.053977794705934036], "val_loss": [0.3107145260209623, 0.15217687683584896, 0.1193191586467235, 0.11268271307420472, 0.11030044021975735, 0.09820280797050698, 0.08955767787183108, 0.09318988436185148, 0.09667410480830332, 0.10877658662123038], "val_accuracy": [0.2105978260869565, 0.48097826086956524, 0.5597826086956522, 0.6317934782608695, 0.6521739130434783, 0.6807065217391305, 0.7323369565217391, 0.720108695652174, 0.7214673913043478, 0.7323369565217391]}